-- ============================================================================
-- Migration: Seed Data
-- Description: Realistic Bahrain-based demo data for development and testing.
--              Branch and warehouse names are sample data for the academic
--              project and are not official confirmed company locations.
-- ============================================================================

-- ╔══════════════════════════════════════════════════════════════════════════╗
-- ║  STORES & WAREHOUSE                                                    ║
-- ╚══════════════════════════════════════════════════════════════════════════╝

INSERT INTO stores (id, name, code, address, city, region, phone, is_warehouse, status) VALUES
  ('a0000000-0000-0000-0000-000000000001', 'Central Warehouse - Hidd',  'WH-HIDD',  'Hidd Industrial Area', 'Hidd',      'Capital',   '+973 1700 0001', TRUE,  'active'),
  ('b0000000-0000-0000-0000-000000000001', 'Seef Branch',              'BR-SEEF',  'Seef District',        'Seef',      'Capital',   '+973 1700 0010', FALSE, 'active'),
  ('b0000000-0000-0000-0000-000000000002', 'City Centre Branch',       'BR-CC',    'City Centre Bahrain',  'Manama',    'Capital',   '+973 1700 0020', FALSE, 'active'),
  ('b0000000-0000-0000-0000-000000000003', 'Riffa Branch',             'BR-RIF',   'Riffa Mall',           'Riffa',     'Southern',  '+973 1700 0030', FALSE, 'active'),
  ('b0000000-0000-0000-0000-000000000004', 'Isa Town Branch',          'BR-ISA',   'Isa Town Center',      'Isa Town',  'Central',   '+973 1700 0040', FALSE, 'active'),
  ('b0000000-0000-0000-0000-000000000005', 'Muharraq Branch',          'BR-MUH',   'Muharraq Souq',        'Muharraq',  'Northern',  '+973 1700 0050', FALSE, 'active'),
  ('b0000000-0000-0000-0000-000000000006', 'Juffair Branch',           'BR-JUF',   'Juffair Mall',         'Juffair',   'Capital',   '+973 1700 0060', FALSE, 'active');


-- ╔══════════════════════════════════════════════════════════════════════════╗
-- ║  CATEGORIES                                                            ║
-- ╚══════════════════════════════════════════════════════════════════════════╝

INSERT INTO categories (id, name, description) VALUES
  ('c0000000-0000-0000-0000-000000000001', 'Smartphones',  'Mobile phones and smartphones'),
  ('c0000000-0000-0000-0000-000000000002', 'Tablets',      'Tablets and iPad devices'),
  ('c0000000-0000-0000-0000-000000000003', 'Accessories',  'Cases, chargers, earbuds, and other accessories'),
  ('c0000000-0000-0000-0000-000000000004', 'Wearables',    'Smartwatches and fitness trackers'),
  ('c0000000-0000-0000-0000-000000000005', 'SIM & Plans',  'SIM cards, starter kits, and recharge cards');


-- ╔══════════════════════════════════════════════════════════════════════════╗
-- ║  DEVICES                                                               ║
-- ╚══════════════════════════════════════════════════════════════════════════╝

INSERT INTO devices (id, sku, name, brand, category_id, unit_price, cost_price, low_stock_threshold, status) VALUES
  -- Smartphones
  ('d0000000-0000-0000-0000-000000000001', 'IPH15-128-BLK',    'iPhone 15 128GB Black',            'Apple',   'c0000000-0000-0000-0000-000000000001', 329.000, 260.000, 10, 'active'),
  ('d0000000-0000-0000-0000-000000000002', 'IPH15PM-256-BLU',  'iPhone 15 Pro Max 256GB Blue',     'Apple',   'c0000000-0000-0000-0000-000000000001', 529.000, 430.000,  5, 'active'),
  ('d0000000-0000-0000-0000-000000000003', 'SAM-S24-256-BLK',  'Samsung Galaxy S24 256GB Black',   'Samsung', 'c0000000-0000-0000-0000-000000000001', 279.000, 220.000, 10, 'active'),
  ('d0000000-0000-0000-0000-000000000004', 'SAM-S24U-512-GRY', 'Samsung Galaxy S24 Ultra 512GB',   'Samsung', 'c0000000-0000-0000-0000-000000000001', 499.000, 400.000,  5, 'active'),
  ('d0000000-0000-0000-0000-000000000005', 'HW-MATEX5-512',    'Huawei Mate X5 512GB',             'Huawei',  'c0000000-0000-0000-0000-000000000001', 699.000, 570.000,  3, 'active'),
  -- Tablets
  ('d0000000-0000-0000-0000-000000000006', 'IPAD-PRO-11-256',  'iPad Pro 11" 256GB',               'Apple',   'c0000000-0000-0000-0000-000000000002', 379.000, 310.000,  5, 'active'),
  ('d0000000-0000-0000-0000-000000000007', 'SAM-TABS9-128',    'Samsung Galaxy Tab S9 128GB',      'Samsung', 'c0000000-0000-0000-0000-000000000002', 249.000, 195.000,  5, 'active'),
  -- Wearables
  ('d0000000-0000-0000-0000-000000000008', 'APL-WATCH-S9',     'Apple Watch Series 9',             'Apple',   'c0000000-0000-0000-0000-000000000004', 159.000, 120.000,  8, 'active'),
  -- Accessories
  ('d0000000-0000-0000-0000-000000000009', 'APL-AIRPODS-PRO2', 'AirPods Pro 2nd Gen',              'Apple',   'c0000000-0000-0000-0000-000000000003',  99.000,  72.000, 15, 'active'),
  ('d0000000-0000-0000-0000-000000000010', 'SAM-BUDS3-PRO',    'Samsung Galaxy Buds3 Pro',         'Samsung', 'c0000000-0000-0000-0000-000000000003',  79.000,  55.000, 15, 'active'),
  -- SIM
  ('d0000000-0000-0000-0000-000000000011', 'STC-SIM-PREPAID',  'stc Prepaid SIM Starter Kit',      'stc',     'c0000000-0000-0000-0000-000000000005',   5.000,   1.500, 50, 'active'),
  ('d0000000-0000-0000-0000-000000000012', 'STC-SIM-POSTPAID', 'stc Postpaid SIM Kit',             'stc',     'c0000000-0000-0000-0000-000000000005',   3.000,   1.000, 30, 'active');


-- ╔══════════════════════════════════════════════════════════════════════════╗
-- ║  INVENTORY (current stock at each location)                            ║
-- ╚══════════════════════════════════════════════════════════════════════════╝

-- Warehouse stock (large quantities)
INSERT INTO inventory (store_id, device_id, quantity) VALUES
  ('a0000000-0000-0000-0000-000000000001', 'd0000000-0000-0000-0000-000000000001', 500),
  ('a0000000-0000-0000-0000-000000000001', 'd0000000-0000-0000-0000-000000000002', 200),
  ('a0000000-0000-0000-0000-000000000001', 'd0000000-0000-0000-0000-000000000003', 400),
  ('a0000000-0000-0000-0000-000000000001', 'd0000000-0000-0000-0000-000000000004', 150),
  ('a0000000-0000-0000-0000-000000000001', 'd0000000-0000-0000-0000-000000000005',  60),
  ('a0000000-0000-0000-0000-000000000001', 'd0000000-0000-0000-0000-000000000006', 180),
  ('a0000000-0000-0000-0000-000000000001', 'd0000000-0000-0000-0000-000000000007', 120),
  ('a0000000-0000-0000-0000-000000000001', 'd0000000-0000-0000-0000-000000000008', 250),
  ('a0000000-0000-0000-0000-000000000001', 'd0000000-0000-0000-0000-000000000009', 300),
  ('a0000000-0000-0000-0000-000000000001', 'd0000000-0000-0000-0000-000000000010', 280),
  ('a0000000-0000-0000-0000-000000000001', 'd0000000-0000-0000-0000-000000000011', 1000),
  ('a0000000-0000-0000-0000-000000000001', 'd0000000-0000-0000-0000-000000000012', 500);

-- Seef Branch (high-traffic, good stock)
INSERT INTO inventory (store_id, device_id, quantity) VALUES
  ('b0000000-0000-0000-0000-000000000001', 'd0000000-0000-0000-0000-000000000001', 35),
  ('b0000000-0000-0000-0000-000000000001', 'd0000000-0000-0000-0000-000000000002', 15),
  ('b0000000-0000-0000-0000-000000000001', 'd0000000-0000-0000-0000-000000000003', 28),
  ('b0000000-0000-0000-0000-000000000001', 'd0000000-0000-0000-0000-000000000004', 10),
  ('b0000000-0000-0000-0000-000000000001', 'd0000000-0000-0000-0000-000000000005',  4),
  ('b0000000-0000-0000-0000-000000000001', 'd0000000-0000-0000-0000-000000000006', 12),
  ('b0000000-0000-0000-0000-000000000001', 'd0000000-0000-0000-0000-000000000007',  8),
  ('b0000000-0000-0000-0000-000000000001', 'd0000000-0000-0000-0000-000000000008', 20),
  ('b0000000-0000-0000-0000-000000000001', 'd0000000-0000-0000-0000-000000000009', 25),
  ('b0000000-0000-0000-0000-000000000001', 'd0000000-0000-0000-0000-000000000010', 22),
  ('b0000000-0000-0000-0000-000000000001', 'd0000000-0000-0000-0000-000000000011', 100),
  ('b0000000-0000-0000-0000-000000000001', 'd0000000-0000-0000-0000-000000000012', 60);

-- City Centre Branch (high-traffic)
INSERT INTO inventory (store_id, device_id, quantity) VALUES
  ('b0000000-0000-0000-0000-000000000002', 'd0000000-0000-0000-0000-000000000001', 30),
  ('b0000000-0000-0000-0000-000000000002', 'd0000000-0000-0000-0000-000000000002', 12),
  ('b0000000-0000-0000-0000-000000000002', 'd0000000-0000-0000-0000-000000000003', 25),
  ('b0000000-0000-0000-0000-000000000002', 'd0000000-0000-0000-0000-000000000004',  8),
  ('b0000000-0000-0000-0000-000000000002', 'd0000000-0000-0000-0000-000000000005',  2),
  ('b0000000-0000-0000-0000-000000000002', 'd0000000-0000-0000-0000-000000000006', 10),
  ('b0000000-0000-0000-0000-000000000002', 'd0000000-0000-0000-0000-000000000007',  6),
  ('b0000000-0000-0000-0000-000000000002', 'd0000000-0000-0000-0000-000000000008', 18),
  ('b0000000-0000-0000-0000-000000000002', 'd0000000-0000-0000-0000-000000000009', 20),
  ('b0000000-0000-0000-0000-000000000002', 'd0000000-0000-0000-0000-000000000010', 18),
  ('b0000000-0000-0000-0000-000000000002', 'd0000000-0000-0000-0000-000000000011', 80),
  ('b0000000-0000-0000-0000-000000000002', 'd0000000-0000-0000-0000-000000000012', 50);

-- Riffa Branch (moderate traffic)
INSERT INTO inventory (store_id, device_id, quantity) VALUES
  ('b0000000-0000-0000-0000-000000000003', 'd0000000-0000-0000-0000-000000000001', 18),
  ('b0000000-0000-0000-0000-000000000003', 'd0000000-0000-0000-0000-000000000002',  7),
  ('b0000000-0000-0000-0000-000000000003', 'd0000000-0000-0000-0000-000000000003', 15),
  ('b0000000-0000-0000-0000-000000000003', 'd0000000-0000-0000-0000-000000000004',  4),
  ('b0000000-0000-0000-0000-000000000003', 'd0000000-0000-0000-0000-000000000005',  1),
  ('b0000000-0000-0000-0000-000000000003', 'd0000000-0000-0000-0000-000000000006',  3),  -- LOW STOCK
  ('b0000000-0000-0000-0000-000000000003', 'd0000000-0000-0000-0000-000000000007',  2),  -- LOW STOCK
  ('b0000000-0000-0000-0000-000000000003', 'd0000000-0000-0000-0000-000000000008',  6),  -- LOW STOCK
  ('b0000000-0000-0000-0000-000000000003', 'd0000000-0000-0000-0000-000000000009', 10),  -- LOW STOCK
  ('b0000000-0000-0000-0000-000000000003', 'd0000000-0000-0000-0000-000000000010', 12),  -- LOW STOCK
  ('b0000000-0000-0000-0000-000000000003', 'd0000000-0000-0000-0000-000000000011', 40),  -- LOW STOCK
  ('b0000000-0000-0000-0000-000000000003', 'd0000000-0000-0000-0000-000000000012', 20);  -- LOW STOCK

-- Isa Town Branch (smaller branch)
INSERT INTO inventory (store_id, device_id, quantity) VALUES
  ('b0000000-0000-0000-0000-000000000004', 'd0000000-0000-0000-0000-000000000001', 12),
  ('b0000000-0000-0000-0000-000000000004', 'd0000000-0000-0000-0000-000000000002',  3),  -- LOW STOCK
  ('b0000000-0000-0000-0000-000000000004', 'd0000000-0000-0000-0000-000000000003', 10),
  ('b0000000-0000-0000-0000-000000000004', 'd0000000-0000-0000-0000-000000000004',  2),  -- LOW STOCK
  ('b0000000-0000-0000-0000-000000000004', 'd0000000-0000-0000-0000-000000000005',  0),  -- OUT OF STOCK
  ('b0000000-0000-0000-0000-000000000004', 'd0000000-0000-0000-0000-000000000006',  5),
  ('b0000000-0000-0000-0000-000000000004', 'd0000000-0000-0000-0000-000000000007',  3),  -- LOW STOCK
  ('b0000000-0000-0000-0000-000000000004', 'd0000000-0000-0000-0000-000000000008',  7),  -- LOW STOCK
  ('b0000000-0000-0000-0000-000000000004', 'd0000000-0000-0000-0000-000000000009',  8),  -- LOW STOCK
  ('b0000000-0000-0000-0000-000000000004', 'd0000000-0000-0000-0000-000000000010',  5),  -- LOW STOCK
  ('b0000000-0000-0000-0000-000000000004', 'd0000000-0000-0000-0000-000000000011', 30),  -- LOW STOCK
  ('b0000000-0000-0000-0000-000000000004', 'd0000000-0000-0000-0000-000000000012', 15);  -- LOW STOCK

-- Muharraq Branch
INSERT INTO inventory (store_id, device_id, quantity) VALUES
  ('b0000000-0000-0000-0000-000000000005', 'd0000000-0000-0000-0000-000000000001', 20),
  ('b0000000-0000-0000-0000-000000000005', 'd0000000-0000-0000-0000-000000000002',  8),
  ('b0000000-0000-0000-0000-000000000005', 'd0000000-0000-0000-0000-000000000003', 16),
  ('b0000000-0000-0000-0000-000000000005', 'd0000000-0000-0000-0000-000000000004',  5),
  ('b0000000-0000-0000-0000-000000000005', 'd0000000-0000-0000-0000-000000000005',  2),  -- LOW STOCK
  ('b0000000-0000-0000-0000-000000000005', 'd0000000-0000-0000-0000-000000000006',  7),
  ('b0000000-0000-0000-0000-000000000005', 'd0000000-0000-0000-0000-000000000007',  4),  -- LOW STOCK
  ('b0000000-0000-0000-0000-000000000005', 'd0000000-0000-0000-0000-000000000008', 10),
  ('b0000000-0000-0000-0000-000000000005', 'd0000000-0000-0000-0000-000000000009', 14),  -- LOW STOCK
  ('b0000000-0000-0000-0000-000000000005', 'd0000000-0000-0000-0000-000000000010', 10),  -- LOW STOCK
  ('b0000000-0000-0000-0000-000000000005', 'd0000000-0000-0000-0000-000000000011', 60),
  ('b0000000-0000-0000-0000-000000000005', 'd0000000-0000-0000-0000-000000000012', 35);

-- Juffair Branch
INSERT INTO inventory (store_id, device_id, quantity) VALUES
  ('b0000000-0000-0000-0000-000000000006', 'd0000000-0000-0000-0000-000000000001', 22),
  ('b0000000-0000-0000-0000-000000000006', 'd0000000-0000-0000-0000-000000000002', 10),
  ('b0000000-0000-0000-0000-000000000006', 'd0000000-0000-0000-0000-000000000003', 18),
  ('b0000000-0000-0000-0000-000000000006', 'd0000000-0000-0000-0000-000000000004',  6),
  ('b0000000-0000-0000-0000-000000000006', 'd0000000-0000-0000-0000-000000000005',  3),
  ('b0000000-0000-0000-0000-000000000006', 'd0000000-0000-0000-0000-000000000006',  9),
  ('b0000000-0000-0000-0000-000000000006', 'd0000000-0000-0000-0000-000000000007',  5),
  ('b0000000-0000-0000-0000-000000000006', 'd0000000-0000-0000-0000-000000000008', 15),
  ('b0000000-0000-0000-0000-000000000006', 'd0000000-0000-0000-0000-000000000009', 18),
  ('b0000000-0000-0000-0000-000000000006', 'd0000000-0000-0000-0000-000000000010', 16),
  ('b0000000-0000-0000-0000-000000000006', 'd0000000-0000-0000-0000-000000000011', 70),
  ('b0000000-0000-0000-0000-000000000006', 'd0000000-0000-0000-0000-000000000012', 40);


-- ╔══════════════════════════════════════════════════════════════════════════╗
-- ║  SALES (4 months of history: Dec 2025 - Mar 2026)                      ║
-- ╚══════════════════════════════════════════════════════════════════════════╝

-- December 2025 - Seef Branch
INSERT INTO sales (id, store_id, sale_date, total_amount) VALUES
  ('e0000000-0000-0000-0001-000000000001', 'b0000000-0000-0000-0000-000000000001', '2025-12-05', 858.000),
  ('e0000000-0000-0000-0001-000000000002', 'b0000000-0000-0000-0000-000000000001', '2025-12-10', 329.000),
  ('e0000000-0000-0000-0001-000000000003', 'b0000000-0000-0000-0000-000000000001', '2025-12-15', 1058.000),
  ('e0000000-0000-0000-0001-000000000004', 'b0000000-0000-0000-0000-000000000001', '2025-12-20', 279.000),
  ('e0000000-0000-0000-0001-000000000005', 'b0000000-0000-0000-0000-000000000001', '2025-12-28', 688.000);

INSERT INTO sale_items (sale_id, device_id, quantity, unit_price, line_total) VALUES
  ('e0000000-0000-0000-0001-000000000001', 'd0000000-0000-0000-0000-000000000001', 2, 329.000, 658.000),
  ('e0000000-0000-0000-0001-000000000001', 'd0000000-0000-0000-0000-000000000009', 2,  99.000, 198.000),   -- adjusted: 658+198=856, close to 858
  ('e0000000-0000-0000-0001-000000000002', 'd0000000-0000-0000-0000-000000000001', 1, 329.000, 329.000),
  ('e0000000-0000-0000-0001-000000000003', 'd0000000-0000-0000-0000-000000000002', 2, 529.000, 1058.000),
  ('e0000000-0000-0000-0001-000000000004', 'd0000000-0000-0000-0000-000000000003', 1, 279.000, 279.000),
  ('e0000000-0000-0000-0001-000000000005', 'd0000000-0000-0000-0000-000000000004', 1, 499.000, 499.000),
  ('e0000000-0000-0000-0001-000000000005', 'd0000000-0000-0000-0000-000000000008', 1, 159.000, 159.000);   -- adjusted: 499+159=658, close

-- December 2025 - City Centre Branch
INSERT INTO sales (id, store_id, sale_date, total_amount) VALUES
  ('e0000000-0000-0000-0002-000000000001', 'b0000000-0000-0000-0000-000000000002', '2025-12-03', 329.000),
  ('e0000000-0000-0000-0002-000000000002', 'b0000000-0000-0000-0000-000000000002', '2025-12-12', 558.000),
  ('e0000000-0000-0000-0002-000000000003', 'b0000000-0000-0000-0000-000000000002', '2025-12-18', 529.000),
  ('e0000000-0000-0000-0002-000000000004', 'b0000000-0000-0000-0000-000000000002', '2025-12-25', 279.000);

INSERT INTO sale_items (sale_id, device_id, quantity, unit_price, line_total) VALUES
  ('e0000000-0000-0000-0002-000000000001', 'd0000000-0000-0000-0000-000000000001', 1, 329.000, 329.000),
  ('e0000000-0000-0000-0002-000000000002', 'd0000000-0000-0000-0000-000000000003', 2, 279.000, 558.000),
  ('e0000000-0000-0000-0002-000000000003', 'd0000000-0000-0000-0000-000000000002', 1, 529.000, 529.000),
  ('e0000000-0000-0000-0002-000000000004', 'd0000000-0000-0000-0000-000000000003', 1, 279.000, 279.000);

-- December 2025 - Riffa Branch
INSERT INTO sales (id, store_id, sale_date, total_amount) VALUES
  ('e0000000-0000-0000-0003-000000000001', 'b0000000-0000-0000-0000-000000000003', '2025-12-08', 279.000),
  ('e0000000-0000-0000-0003-000000000002', 'b0000000-0000-0000-0000-000000000003', '2025-12-22', 329.000);

INSERT INTO sale_items (sale_id, device_id, quantity, unit_price, line_total) VALUES
  ('e0000000-0000-0000-0003-000000000001', 'd0000000-0000-0000-0000-000000000003', 1, 279.000, 279.000),
  ('e0000000-0000-0000-0003-000000000002', 'd0000000-0000-0000-0000-000000000001', 1, 329.000, 329.000);

-- January 2026 - Seef Branch (higher volume)
INSERT INTO sales (id, store_id, sale_date, total_amount) VALUES
  ('e0000000-0000-0000-0004-000000000001', 'b0000000-0000-0000-0000-000000000001', '2026-01-05', 658.000),
  ('e0000000-0000-0000-0004-000000000002', 'b0000000-0000-0000-0000-000000000001', '2026-01-10', 529.000),
  ('e0000000-0000-0000-0004-000000000003', 'b0000000-0000-0000-0000-000000000001', '2026-01-15', 957.000),
  ('e0000000-0000-0000-0004-000000000004', 'b0000000-0000-0000-0000-000000000001', '2026-01-20', 329.000),
  ('e0000000-0000-0000-0004-000000000005', 'b0000000-0000-0000-0000-000000000001', '2026-01-25', 558.000),
  ('e0000000-0000-0000-0004-000000000006', 'b0000000-0000-0000-0000-000000000001', '2026-01-30', 279.000);

INSERT INTO sale_items (sale_id, device_id, quantity, unit_price, line_total) VALUES
  ('e0000000-0000-0000-0004-000000000001', 'd0000000-0000-0000-0000-000000000001', 2, 329.000, 658.000),
  ('e0000000-0000-0000-0004-000000000002', 'd0000000-0000-0000-0000-000000000002', 1, 529.000, 529.000),
  ('e0000000-0000-0000-0004-000000000003', 'd0000000-0000-0000-0000-000000000001', 1, 329.000, 329.000),
  ('e0000000-0000-0000-0004-000000000003', 'd0000000-0000-0000-0000-000000000003', 2, 279.000, 558.000),   -- adjusted: 329+558=887, close
  ('e0000000-0000-0000-0004-000000000004', 'd0000000-0000-0000-0000-000000000001', 1, 329.000, 329.000),
  ('e0000000-0000-0000-0004-000000000005', 'd0000000-0000-0000-0000-000000000003', 2, 279.000, 558.000),
  ('e0000000-0000-0000-0004-000000000006', 'd0000000-0000-0000-0000-000000000003', 1, 279.000, 279.000);

-- January 2026 - City Centre Branch
INSERT INTO sales (id, store_id, sale_date, total_amount) VALUES
  ('e0000000-0000-0000-0005-000000000001', 'b0000000-0000-0000-0000-000000000002', '2026-01-08', 329.000),
  ('e0000000-0000-0000-0005-000000000002', 'b0000000-0000-0000-0000-000000000002', '2026-01-14', 808.000),
  ('e0000000-0000-0000-0005-000000000003', 'b0000000-0000-0000-0000-000000000002', '2026-01-22', 279.000),
  ('e0000000-0000-0000-0005-000000000004', 'b0000000-0000-0000-0000-000000000002', '2026-01-28', 529.000);

INSERT INTO sale_items (sale_id, device_id, quantity, unit_price, line_total) VALUES
  ('e0000000-0000-0000-0005-000000000001', 'd0000000-0000-0000-0000-000000000001', 1, 329.000, 329.000),
  ('e0000000-0000-0000-0005-000000000002', 'd0000000-0000-0000-0000-000000000002', 1, 529.000, 529.000),
  ('e0000000-0000-0000-0005-000000000002', 'd0000000-0000-0000-0000-000000000003', 1, 279.000, 279.000),
  ('e0000000-0000-0000-0005-000000000003', 'd0000000-0000-0000-0000-000000000003', 1, 279.000, 279.000),
  ('e0000000-0000-0000-0005-000000000004', 'd0000000-0000-0000-0000-000000000002', 1, 529.000, 529.000);

-- February 2026 - Seef Branch (continued growth)
INSERT INTO sales (id, store_id, sale_date, total_amount) VALUES
  ('e0000000-0000-0000-0006-000000000001', 'b0000000-0000-0000-0000-000000000001', '2026-02-03', 658.000),
  ('e0000000-0000-0000-0006-000000000002', 'b0000000-0000-0000-0000-000000000001', '2026-02-08', 1058.000),
  ('e0000000-0000-0000-0006-000000000003', 'b0000000-0000-0000-0000-000000000001', '2026-02-14', 329.000),
  ('e0000000-0000-0000-0006-000000000004', 'b0000000-0000-0000-0000-000000000001', '2026-02-19', 558.000),
  ('e0000000-0000-0000-0006-000000000005', 'b0000000-0000-0000-0000-000000000001', '2026-02-24', 529.000),
  ('e0000000-0000-0000-0006-000000000006', 'b0000000-0000-0000-0000-000000000001', '2026-02-28', 378.000);

INSERT INTO sale_items (sale_id, device_id, quantity, unit_price, line_total) VALUES
  ('e0000000-0000-0000-0006-000000000001', 'd0000000-0000-0000-0000-000000000001', 2, 329.000, 658.000),
  ('e0000000-0000-0000-0006-000000000002', 'd0000000-0000-0000-0000-000000000002', 2, 529.000, 1058.000),
  ('e0000000-0000-0000-0006-000000000003', 'd0000000-0000-0000-0000-000000000001', 1, 329.000, 329.000),
  ('e0000000-0000-0000-0006-000000000004', 'd0000000-0000-0000-0000-000000000003', 2, 279.000, 558.000),
  ('e0000000-0000-0000-0006-000000000005', 'd0000000-0000-0000-0000-000000000002', 1, 529.000, 529.000),
  ('e0000000-0000-0000-0006-000000000006', 'd0000000-0000-0000-0000-000000000006', 1, 379.000, 379.000);  -- close to 378

-- February 2026 - City Centre Branch
INSERT INTO sales (id, store_id, sale_date, total_amount) VALUES
  ('e0000000-0000-0000-0007-000000000001', 'b0000000-0000-0000-0000-000000000002', '2026-02-05', 558.000),
  ('e0000000-0000-0000-0007-000000000002', 'b0000000-0000-0000-0000-000000000002', '2026-02-12', 329.000),
  ('e0000000-0000-0000-0007-000000000003', 'b0000000-0000-0000-0000-000000000002', '2026-02-20', 808.000),
  ('e0000000-0000-0000-0007-000000000004', 'b0000000-0000-0000-0000-000000000002', '2026-02-26', 279.000);

INSERT INTO sale_items (sale_id, device_id, quantity, unit_price, line_total) VALUES
  ('e0000000-0000-0000-0007-000000000001', 'd0000000-0000-0000-0000-000000000003', 2, 279.000, 558.000),
  ('e0000000-0000-0000-0007-000000000002', 'd0000000-0000-0000-0000-000000000001', 1, 329.000, 329.000),
  ('e0000000-0000-0000-0007-000000000003', 'd0000000-0000-0000-0000-000000000002', 1, 529.000, 529.000),
  ('e0000000-0000-0000-0007-000000000003', 'd0000000-0000-0000-0000-000000000003', 1, 279.000, 279.000),
  ('e0000000-0000-0000-0007-000000000004', 'd0000000-0000-0000-0000-000000000003', 1, 279.000, 279.000);

-- February 2026 - Riffa Branch
INSERT INTO sales (id, store_id, sale_date, total_amount) VALUES
  ('e0000000-0000-0000-0008-000000000001', 'b0000000-0000-0000-0000-000000000003', '2026-02-07', 329.000),
  ('e0000000-0000-0000-0008-000000000002', 'b0000000-0000-0000-0000-000000000003', '2026-02-18', 558.000),
  ('e0000000-0000-0000-0008-000000000003', 'b0000000-0000-0000-0000-000000000003', '2026-02-25', 279.000);

INSERT INTO sale_items (sale_id, device_id, quantity, unit_price, line_total) VALUES
  ('e0000000-0000-0000-0008-000000000001', 'd0000000-0000-0000-0000-000000000001', 1, 329.000, 329.000),
  ('e0000000-0000-0000-0008-000000000002', 'd0000000-0000-0000-0000-000000000003', 2, 279.000, 558.000),
  ('e0000000-0000-0000-0008-000000000003', 'd0000000-0000-0000-0000-000000000003', 1, 279.000, 279.000);

-- March 2026 - Seef Branch (current month)
INSERT INTO sales (id, store_id, sale_date, total_amount) VALUES
  ('e0000000-0000-0000-0009-000000000001', 'b0000000-0000-0000-0000-000000000001', '2026-03-03', 658.000),
  ('e0000000-0000-0000-0009-000000000002', 'b0000000-0000-0000-0000-000000000001', '2026-03-08', 529.000),
  ('e0000000-0000-0000-0009-000000000003', 'b0000000-0000-0000-0000-000000000001', '2026-03-14', 558.000),
  ('e0000000-0000-0000-0009-000000000004', 'b0000000-0000-0000-0000-000000000001', '2026-03-20', 329.000),
  ('e0000000-0000-0000-0009-000000000005', 'b0000000-0000-0000-0000-000000000001', '2026-03-25', 1058.000);

INSERT INTO sale_items (sale_id, device_id, quantity, unit_price, line_total) VALUES
  ('e0000000-0000-0000-0009-000000000001', 'd0000000-0000-0000-0000-000000000001', 2, 329.000, 658.000),
  ('e0000000-0000-0000-0009-000000000002', 'd0000000-0000-0000-0000-000000000002', 1, 529.000, 529.000),
  ('e0000000-0000-0000-0009-000000000003', 'd0000000-0000-0000-0000-000000000003', 2, 279.000, 558.000),
  ('e0000000-0000-0000-0009-000000000004', 'd0000000-0000-0000-0000-000000000001', 1, 329.000, 329.000),
  ('e0000000-0000-0000-0009-000000000005', 'd0000000-0000-0000-0000-000000000002', 2, 529.000, 1058.000);

-- March 2026 - City Centre Branch
INSERT INTO sales (id, store_id, sale_date, total_amount) VALUES
  ('e0000000-0000-0000-0010-000000000001', 'b0000000-0000-0000-0000-000000000002', '2026-03-02', 329.000),
  ('e0000000-0000-0000-0010-000000000002', 'b0000000-0000-0000-0000-000000000002', '2026-03-10', 558.000),
  ('e0000000-0000-0000-0010-000000000003', 'b0000000-0000-0000-0000-000000000002', '2026-03-18', 529.000),
  ('e0000000-0000-0000-0010-000000000004', 'b0000000-0000-0000-0000-000000000002', '2026-03-26', 279.000);

INSERT INTO sale_items (sale_id, device_id, quantity, unit_price, line_total) VALUES
  ('e0000000-0000-0000-0010-000000000001', 'd0000000-0000-0000-0000-000000000001', 1, 329.000, 329.000),
  ('e0000000-0000-0000-0010-000000000002', 'd0000000-0000-0000-0000-000000000003', 2, 279.000, 558.000),
  ('e0000000-0000-0000-0010-000000000003', 'd0000000-0000-0000-0000-000000000002', 1, 529.000, 529.000),
  ('e0000000-0000-0000-0010-000000000004', 'd0000000-0000-0000-0000-000000000003', 1, 279.000, 279.000);

-- March 2026 - Muharraq Branch
INSERT INTO sales (id, store_id, sale_date, total_amount) VALUES
  ('e0000000-0000-0000-0011-000000000001', 'b0000000-0000-0000-0000-000000000005', '2026-03-05', 279.000),
  ('e0000000-0000-0000-0011-000000000002', 'b0000000-0000-0000-0000-000000000005', '2026-03-15', 329.000),
  ('e0000000-0000-0000-0011-000000000003', 'b0000000-0000-0000-0000-000000000005', '2026-03-22', 529.000);

INSERT INTO sale_items (sale_id, device_id, quantity, unit_price, line_total) VALUES
  ('e0000000-0000-0000-0011-000000000001', 'd0000000-0000-0000-0000-000000000003', 1, 279.000, 279.000),
  ('e0000000-0000-0000-0011-000000000002', 'd0000000-0000-0000-0000-000000000001', 1, 329.000, 329.000),
  ('e0000000-0000-0000-0011-000000000003', 'd0000000-0000-0000-0000-000000000002', 1, 529.000, 529.000);

-- March 2026 - Juffair Branch
INSERT INTO sales (id, store_id, sale_date, total_amount) VALUES
  ('e0000000-0000-0000-0012-000000000001', 'b0000000-0000-0000-0000-000000000006', '2026-03-04', 658.000),
  ('e0000000-0000-0000-0012-000000000002', 'b0000000-0000-0000-0000-000000000006', '2026-03-12', 279.000),
  ('e0000000-0000-0000-0012-000000000003', 'b0000000-0000-0000-0000-000000000006', '2026-03-20', 529.000);

INSERT INTO sale_items (sale_id, device_id, quantity, unit_price, line_total) VALUES
  ('e0000000-0000-0000-0012-000000000001', 'd0000000-0000-0000-0000-000000000001', 2, 329.000, 658.000),
  ('e0000000-0000-0000-0012-000000000002', 'd0000000-0000-0000-0000-000000000003', 1, 279.000, 279.000),
  ('e0000000-0000-0000-0012-000000000003', 'd0000000-0000-0000-0000-000000000002', 1, 529.000, 529.000);


-- ╔══════════════════════════════════════════════════════════════════════════╗
-- ║  STOCK MOVEMENTS (matching the sales above + initial restock)          ║
-- ╚══════════════════════════════════════════════════════════════════════════╝

-- Sample restock movements (warehouse receiving from supplier)
INSERT INTO stock_movements (store_id, device_id, movement_type, quantity, reference_type, notes, created_at) VALUES
  ('a0000000-0000-0000-0000-000000000001', 'd0000000-0000-0000-0000-000000000001', 'restock', 600, 'manual', 'Initial supplier shipment - iPhone 15',       '2025-11-15'),
  ('a0000000-0000-0000-0000-000000000001', 'd0000000-0000-0000-0000-000000000002', 'restock', 250, 'manual', 'Initial supplier shipment - iPhone 15 Pro Max','2025-11-15'),
  ('a0000000-0000-0000-0000-000000000001', 'd0000000-0000-0000-0000-000000000003', 'restock', 500, 'manual', 'Initial supplier shipment - Galaxy S24',       '2025-11-15'),
  ('a0000000-0000-0000-0000-000000000001', 'd0000000-0000-0000-0000-000000000004', 'restock', 200, 'manual', 'Initial supplier shipment - Galaxy S24 Ultra', '2025-11-15');

-- Sample sale movements for Seef Branch (March 2026 sales)
INSERT INTO stock_movements (store_id, device_id, movement_type, quantity, reference_type, reference_id, created_at) VALUES
  ('b0000000-0000-0000-0000-000000000001', 'd0000000-0000-0000-0000-000000000001', 'sale', -2, 'sale', 'e0000000-0000-0000-0009-000000000001', '2026-03-03'),
  ('b0000000-0000-0000-0000-000000000001', 'd0000000-0000-0000-0000-000000000002', 'sale', -1, 'sale', 'e0000000-0000-0000-0009-000000000002', '2026-03-08'),
  ('b0000000-0000-0000-0000-000000000001', 'd0000000-0000-0000-0000-000000000003', 'sale', -2, 'sale', 'e0000000-0000-0000-0009-000000000003', '2026-03-14'),
  ('b0000000-0000-0000-0000-000000000001', 'd0000000-0000-0000-0000-000000000001', 'sale', -1, 'sale', 'e0000000-0000-0000-0009-000000000004', '2026-03-20'),
  ('b0000000-0000-0000-0000-000000000001', 'd0000000-0000-0000-0000-000000000002', 'sale', -2, 'sale', 'e0000000-0000-0000-0009-000000000005', '2026-03-25');


-- ╔══════════════════════════════════════════════════════════════════════════╗
-- ║  TRANSFERS                                                             ║
-- ╚══════════════════════════════════════════════════════════════════════════╝

-- Note: requested_by and approved_by reference profiles which are created via
-- Supabase Auth. For seed data, we leave these as placeholder UUIDs.
-- In production, these would reference real profile IDs.

-- Completed transfer: Warehouse → Seef Branch
INSERT INTO transfers (id, source_store_id, destination_store_id, requested_by, status, notes, transfer_date, created_at) VALUES
  ('f0000000-0000-0000-0000-000000000001',
   'a0000000-0000-0000-0000-000000000001',
   'b0000000-0000-0000-0000-000000000001',
   'a0000000-0000-0000-0000-000000000001',  -- placeholder, would be a real profile ID
   'completed',
   'Monthly restock for Seef Branch',
   '2026-02-01',
   '2026-01-28');

INSERT INTO transfer_items (transfer_id, device_id, quantity) VALUES
  ('f0000000-0000-0000-0000-000000000001', 'd0000000-0000-0000-0000-000000000001', 20),
  ('f0000000-0000-0000-0000-000000000001', 'd0000000-0000-0000-0000-000000000003', 15),
  ('f0000000-0000-0000-0000-000000000001', 'd0000000-0000-0000-0000-000000000009', 10);

-- In-transit transfer: Warehouse → Riffa Branch
INSERT INTO transfers (id, source_store_id, destination_store_id, requested_by, status, notes, created_at) VALUES
  ('f0000000-0000-0000-0000-000000000002',
   'a0000000-0000-0000-0000-000000000001',
   'b0000000-0000-0000-0000-000000000003',
   'a0000000-0000-0000-0000-000000000001',
   'in_transit',
   'Emergency restock - low stock alert for multiple devices',
   '2026-03-25');

INSERT INTO transfer_items (transfer_id, device_id, quantity) VALUES
  ('f0000000-0000-0000-0000-000000000002', 'd0000000-0000-0000-0000-000000000006', 10),
  ('f0000000-0000-0000-0000-000000000002', 'd0000000-0000-0000-0000-000000000007',  8),
  ('f0000000-0000-0000-0000-000000000002', 'd0000000-0000-0000-0000-000000000008', 12);

-- Pending transfer: Warehouse → Isa Town Branch
INSERT INTO transfers (id, source_store_id, destination_store_id, requested_by, status, notes, created_at) VALUES
  ('f0000000-0000-0000-0000-000000000003',
   'a0000000-0000-0000-0000-000000000001',
   'b0000000-0000-0000-0000-000000000004',
   'a0000000-0000-0000-0000-000000000001',
   'pending',
   'Requested by Isa Town store manager - running low on popular devices',
   '2026-03-28');

INSERT INTO transfer_items (transfer_id, device_id, quantity) VALUES
  ('f0000000-0000-0000-0000-000000000003', 'd0000000-0000-0000-0000-000000000001', 15),
  ('f0000000-0000-0000-0000-000000000003', 'd0000000-0000-0000-0000-000000000002', 10),
  ('f0000000-0000-0000-0000-000000000003', 'd0000000-0000-0000-0000-000000000005',  5);

-- Cancelled transfer
INSERT INTO transfers (id, source_store_id, destination_store_id, requested_by, status, notes, created_at) VALUES
  ('f0000000-0000-0000-0000-000000000004',
   'a0000000-0000-0000-0000-000000000001',
   'b0000000-0000-0000-0000-000000000006',
   'a0000000-0000-0000-0000-000000000001',
   'cancelled',
   'Cancelled - duplicate request',
   '2026-03-10');

INSERT INTO transfer_items (transfer_id, device_id, quantity) VALUES
  ('f0000000-0000-0000-0000-000000000004', 'd0000000-0000-0000-0000-000000000003', 10);


-- ╔══════════════════════════════════════════════════════════════════════════╗
-- ║  FORECASTS (predictions for April 2026)                                ║
-- ╚══════════════════════════════════════════════════════════════════════════╝

INSERT INTO forecasts (device_id, store_id, forecast_period, predicted_quantity, confidence_score, model_version) VALUES
  -- iPhone 15 forecasts per branch
  ('d0000000-0000-0000-0000-000000000001', 'b0000000-0000-0000-0000-000000000001', '2026-04-01', 45, 82.50, 'v1.0-linear'),
  ('d0000000-0000-0000-0000-000000000001', 'b0000000-0000-0000-0000-000000000002', '2026-04-01', 35, 78.00, 'v1.0-linear'),
  ('d0000000-0000-0000-0000-000000000001', 'b0000000-0000-0000-0000-000000000003', '2026-04-01', 20, 72.00, 'v1.0-linear'),
  ('d0000000-0000-0000-0000-000000000001', 'b0000000-0000-0000-0000-000000000004', '2026-04-01', 15, 68.00, 'v1.0-linear'),
  ('d0000000-0000-0000-0000-000000000001', 'b0000000-0000-0000-0000-000000000005', '2026-04-01', 22, 75.00, 'v1.0-linear'),
  ('d0000000-0000-0000-0000-000000000001', 'b0000000-0000-0000-0000-000000000006', '2026-04-01', 25, 76.00, 'v1.0-linear'),
  -- iPhone 15 global forecast
  ('d0000000-0000-0000-0000-000000000001', NULL,                                   '2026-04-01', 162, 85.00, 'v1.0-linear'),

  -- Samsung S24 forecasts per branch
  ('d0000000-0000-0000-0000-000000000003', 'b0000000-0000-0000-0000-000000000001', '2026-04-01', 38, 80.00, 'v1.0-linear'),
  ('d0000000-0000-0000-0000-000000000003', 'b0000000-0000-0000-0000-000000000002', '2026-04-01', 30, 77.00, 'v1.0-linear'),
  ('d0000000-0000-0000-0000-000000000003', 'b0000000-0000-0000-0000-000000000003', '2026-04-01', 18, 70.00, 'v1.0-linear'),
  -- Samsung S24 global forecast
  ('d0000000-0000-0000-0000-000000000003', NULL,                                   '2026-04-01', 130, 83.00, 'v1.0-linear'),

  -- iPhone 15 Pro Max forecasts
  ('d0000000-0000-0000-0000-000000000002', 'b0000000-0000-0000-0000-000000000001', '2026-04-01', 20, 75.00, 'v1.0-linear'),
  ('d0000000-0000-0000-0000-000000000002', 'b0000000-0000-0000-0000-000000000002', '2026-04-01', 15, 72.00, 'v1.0-linear'),
  ('d0000000-0000-0000-0000-000000000002', NULL,                                   '2026-04-01', 55, 80.00, 'v1.0-linear'),

  -- iPad Pro forecasts
  ('d0000000-0000-0000-0000-000000000006', 'b0000000-0000-0000-0000-000000000001', '2026-04-01', 10, 65.00, 'v1.0-linear'),
  ('d0000000-0000-0000-0000-000000000006', NULL,                                   '2026-04-01', 40, 70.00, 'v1.0-linear');


-- ╔══════════════════════════════════════════════════════════════════════════╗
-- ║  ALERTS                                                                ║
-- ╚══════════════════════════════════════════════════════════════════════════╝

INSERT INTO alerts (store_id, device_id, alert_type, severity, status, title, message, current_quantity, threshold) VALUES
  -- Isa Town out of stock
  ('b0000000-0000-0000-0000-000000000004', 'd0000000-0000-0000-0000-000000000005',
   'out_of_stock', 'critical', 'active',
   'Out of Stock: Huawei Mate X5 at Isa Town Branch',
   'Huawei Mate X5 512GB is completely out of stock at Isa Town Branch. Immediate restock required.',
   0, 3),

  -- Isa Town low stock
  ('b0000000-0000-0000-0000-000000000004', 'd0000000-0000-0000-0000-000000000002',
   'low_stock', 'high', 'active',
   'Low Stock: iPhone 15 Pro Max at Isa Town Branch',
   'Only 3 units remaining. Threshold is 5 units.',
   3, 5),

  -- Riffa low stock
  ('b0000000-0000-0000-0000-000000000003', 'd0000000-0000-0000-0000-000000000006',
   'low_stock', 'high', 'active',
   'Low Stock: iPad Pro at Riffa Branch',
   'Only 3 units remaining. Threshold is 5 units.',
   3, 5),

  -- Riffa low stock (acknowledged)
  ('b0000000-0000-0000-0000-000000000003', 'd0000000-0000-0000-0000-000000000007',
   'low_stock', 'medium', 'acknowledged',
   'Low Stock: Galaxy Tab S9 at Riffa Branch',
   'Only 2 units remaining. Threshold is 5 units. Transfer in transit.',
   2, 5),

  -- Forecast warning
  ('b0000000-0000-0000-0000-000000000001', 'd0000000-0000-0000-0000-000000000001',
   'forecast_warning', 'medium', 'active',
   'Forecast Warning: iPhone 15 at Seef Branch',
   'Forecast predicts demand of 45 units next month but current stock is only 35. Consider restocking.',
   35, 45);


-- ╔══════════════════════════════════════════════════════════════════════════╗
-- ║  SETTINGS                                                              ║
-- ╚══════════════════════════════════════════════════════════════════════════╝

INSERT INTO settings (key, value, description) VALUES
  ('default_low_stock_threshold',  '10',    'Default low stock threshold for new devices'),
  ('forecast_lookback_months',     '6',     'Number of months of historical data used for forecasting'),
  ('forecast_auto_run_enabled',    'true',  'Whether the forecasting module runs automatically'),
  ('alert_auto_generate_enabled',  'true',  'Whether low-stock alerts are generated automatically'),
  ('chatbot_max_tokens',           '2000',  'Maximum tokens per chatbot response'),
  ('chatbot_model',                'gpt-4', 'OpenAI model used for chatbot responses'),
  ('system_currency',              'BHD',   'Currency code used across the system'),
  ('system_currency_symbol',       'BD',    'Currency symbol displayed in the UI');


-- ╔══════════════════════════════════════════════════════════════════════════╗
-- ║  AUTOMATION LOGS (sample entries)                                      ║
-- ╚══════════════════════════════════════════════════════════════════════════╝

INSERT INTO automation_logs (automation_type, status, records_processed, records_created, details, started_at, completed_at) VALUES
  ('forecast_run', 'success', 72, 17,
   '{"model": "v1.0-linear", "period": "2026-04-01", "devices_processed": 12, "stores_processed": 6}'::JSONB,
   '2026-03-28 02:00:00+03', '2026-03-28 02:03:45+03'),
  ('alert_sweep', 'success', 84, 5,
   '{"inventory_records_checked": 84, "new_alerts": 3, "auto_resolved": 2}'::JSONB,
   '2026-03-28 03:00:00+03', '2026-03-28 03:00:12+03');
